<?xml version="1.0" encoding="UTF-8" ?>
<!DOCTYPE tiles-definitions PUBLIC
  "-//Apache Software Foundation//DTD Tiles Configuration 2.0//EN"
  "http://tiles.apache.org/dtds/tiles-config_2_0.dtd">
<tiles-definitions>

	<!-- (기존 정의들 유지) -->
	<definition name="/board/listArticles" extends="baseLayout">
		<put-attribute name="title" value="글목록창" />
		<put-attribute name="body"
			value="/WEB-INF/views/board/listArticles.jsp" />
	</definition>

	<definition name="/board/listImages" extends="baseLayout">
		<put-attribute name="title" value="글목록창" />
		<put-attribute name="body"
			value="/WEB-INF/views/board/listImages.jsp" />
	</definition>

	<definition name="/board/articleForm" extends="baseLayout">
		<put-attribute name="title" value="글쓰기창" />
		<put-attribute name="body"
			value="/WEB-INF/views/board/articleForm.jsp" />
	</definition>

	<definition name="/board/viewArticle" extends="baseLayout">
		<put-attribute name="title" value="글상세창" />
		<put-attribute name="body"
			value="/WEB-INF/views/board/viewArticle.jsp" />
	</definition>

	<!-- ▼ 여기부터 추가: 화면 전용 4종 (board_converted 매핑) -->
	<definition name="/board/list" extends="baseLayout">
		<put-attribute name="title" value="자유게시판 - 목록" />
		<put-attribute name="body"
			value="/WEB-INF/views/board/list.jsp" />
	</definition>

	<definition name="/board/write" extends="baseLayout">
		<put-attribute name="title" value="자유게시판 - 작성" />
		<put-attribute name="body"
			value="/WEB-INF/views/board/write.jsp" />
	</definition>

	<definition name="/board/edit" extends="baseLayout">
		<put-attribute name="title" value="자유게시판 - 수정" />
		<put-attribute name="body"
			value="/WEB-INF/views/board/edit.jsp" />
	</definition>

	<definition name="/board/view" extends="baseLayout">
		<put-attribute name="title" value="자유게시판 - 상세" />
		<put-attribute name="body"
			value="/WEB-INF/views/board/view.jsp" />
	</definition>

</tiles-definitions>
